Year,Section,Content
1991,Off the field...,"In February, the Gulf War conflict between Iraqi dictator Saddam Hussein and a coalition of thirty-two nations including the United States, Britain, Egypt, France, and Saudi Arabia took place. The main coalition forces invaded southern Iraq on February 24 and, over the next four days, encircled and defeated the Iraqis while liberating Kuwait. By the time U.S. President George Bush Sr. declared a cease-fire on February 28, most of Hussein's forces had either surrendered or fled.

The ""Cold War"" between the United States and Russia finally came to an end as Soviet leader Mikhail Gorbachev was ousted by a group of communist radicals. The ill-planned coup soon faltered as infuriated citizens took to the streets of Moscow and other cities in support of Russian President Boris Yeltsin. After Gorbachev reluctantly resigned, the Soviet Union was officially dissolved and fourteen regions became independent nations ending seventy-four years of communist rule.

Basketball icon Magic Johnson stunned the world shortly before the start of the 1991 season after announcing his retirement due to testing positive to the HIV Virus. He later accepted an invitation by the NBA players to his twelfth All-Star Game in which he won the MVP honors."
1991,In the American League...,"The Detroit Tigers' Cecil Fielder hit a 502-foot home run out of the Milwaukee Brewers' County Stadium, for what was believed to be the first ball ever truly knocked ""out of the park"". The tape measure blast traveled even further after it landed in the back of a truck that didn't stop until it reached Madison.

On June 6th, the Kansas City Royals and Texas Rangers combined for eighteen-innings to tie a Major League mark by leaving forty-five stranded runners on base. The Royals also set an American League record with twenty-five of the ""castaways"" belonging to them.

Thirty-nine year-old Dave Winfield went five-for-five and hit for the cycle as the California Angels defeated the Kansas City Royals 9-4. He completed the sequence in the eighth with a triple becoming the oldest player ever to accomplish the feat."
1991,In the National League...,"Darryl Strawberry tied a National League record by striking out five times in a single game as his Los Angeles Dodgers fell 9-3 to the Montreal Expos. The struggling slugger also stumbled in the outfield dropping a fly ball for a three-base error.

Atlanta Braves ace Tom Glavine won a league leading twenty games for the first time in his Hall of Fame career. His nine complete games were tied for first, and he finished third in strikeouts and earned run average, on his way to his first-of-two career Cy Young Awards.

Fellow Brave Otis Nixon set a new National League record by stealing six bases during a 7-6 loss to the Montreal Expos and tied the major league record previously set by Eddie Collins, who did it twice in 1912."
1991,Around the league...,"Pete Rose continued to make headlines when he was released from a federal prison after serving five months for tax evasion. He was also required to provide 1,000 hours of community service at several of Cincinnati's inner-city schools.

The Major League's Umpires Union voted to sit out Opening Day resulting in amateur officials reporting as replacements. The arbiters, whose contract had expired on December 31st, returned to work the following day with better benefits and an increased starting salary.

During a straw vote held at the owner's meetings in California, the National League voted unanimously to admit Denver, Colorado and Miami, Florida into the league as expansion teams in 1993.

The Committee for Statistical Accuracy righted a thirty year wrong after officially removing the asterisk attached to Roger Maris' single-season homerun record of 61 in 1961. The committee also defined a no-hit game as one; which ends after nine or more innings with one team failing to get a hit. The decision erased fifty games (mostly shortened) from the list that had previously been considered no-hitters.

"" - Nolan Ryan"
1992,Off the field...,"South-Central Los Angeles burned amidst several days of rioting, following a jury's acquittal of white L.A. police officers that had been videotaped beating a black motorist named Rodney King. The violent protest was the worst civil disobedience incident since the Watts Riots of 1964 and resulted in $785 million in property damage.

America's most notorious serial killer Jeffrey Dahmer, also known as the Milwaukee Cannibal, was sentenced to fifteen life terms (957 years) in prison for the vicious torture and murder of seventeen young men. He himself was murdered in prison by a fellow inmate on November 28, 1994.

Hurricane Andrew, the most destructive United States hurricane of record (a category four), caused twenty-three deaths in the U.S. and three more in the Bahamas. The massive storm had a peak gust of 164 mph and caused $26.5 billion in damage."
1992,In the American League...,"Oakland Athletics outfielder and perennial base thief Rickey Henderson snatched the 1,000th base of his career in the first inning of the A's 7-6 win over the Detroit Tigers.

Nolan Ryan, of the Texas Rangers, struck out his 100th batter for a record twenty-third year in a row. In doing so, he passed Phil Niekro as number twelve on the all-time win list with three-hundred nineteen victories.

Milwaukee Brewer Robin Yount reached the 3,000th hit of his career as his team lost 5-4 against the Cleveland Indians. He also became the second player in Major League history (behind Willie Mays) to record two-hundred home runs, two-hundred stolen bases and one-hundred triples."
1992,In the National League...,"Pittsburgh's Andy Van Slyke became the first outfielder in nearly eighteen years to record an unassisted double play. As the Pirates took on the Houston Astros, Van Slyke made a running catch in shallow center followed by a tag on Ken Caminiti, who was running from second base on the play.

Los Angeles Dodger Kevin Gross dominated the mound after tossing ninety-nine pitches (seventy-one for strikes) in a no-hitter, 2-0 triumph over the San Francisco Giants.

Eddie Murray topped the New York Yankees' Mickey Mantle for the most RBIs ever by a switch-hitter (1,510) after blasting two home two runs in the Mets 15-1 win over the Pittsburgh Pirates."
1992,Around the league...,"Tom Seaver and Rollie Fingers were elected to the Baseball Hall of Fame while Pete Rose, ineligible because of his ban from baseball for allegedly betting on games, surprisingly received forty-one write-in votes.

Nintendo president Hiroshi Yamauchi of Japan petitioned the baseball owners for permission to purchase the Seattle Mariners. The owners approved the request 25-1 marking the first non-North American ownership of a Major League team.

Commissioner Fay Vincent ordered the realignment of the National League moving the Chicago Cubs and St. Louis Cardinals into the Western Division. Later in the season, the owners voted 18-9 (with one abstention) calling for Vincent's resignation and the Commissioner obliged them three days after failing to receive a vote of confidence. Baseball's executive council rescinded the National League realignment following Vincent's departure.

In November, baseball held an expansion draft, resulting in seventy-two selections, to fill the rosters of the National League's two newest teams, the Florida Marlins and Colorado Rockies.

""If a tie is like kissing your sister, losing is like kissing your grandmother with her teeth out."" - George Brett"
